"Annual commercial landings and effort for the Euphausiid Trawl, Scallop Trawl or Opalescent Squid Seine fisheries in the Pacific Region, by Pacific Fishery Management Area (PFMA) and Subarea.",,,,,,,,,
"All data available through 2025, by calendar year",,,,,,,,,
Selected Pacific Fishery Management Areas: 17,,,,,,,,,
"Date compiled: July 7, 2026",,,,,,,,,
"Information source: Fisheries and Oceans Canada, Pacific Region Science Branch, Stock Assessment and Research Division, Shellfish Data Unit",,,,,,,,,
,commercial fishery harvest log data holdings,,,,,,,,
Information presented in this worksheet has been summarized to respect individuals' rights to privacy,,,,,,,,,
,as described in the Privacy Act and Access to Information Act,,,,,,,,
,* information does not meet the requirement for release - fewer than 3 vessels reporting,,,,,,,,
,** information withheld from public release so as to allow public release of information at the PFM Area level,,,,,,,,
PFM areas and subareas for which zero landings and effort have been reported have been omitted from the table.,,,,,,,,,
Effort is defined as the reported tow duration in minutes,,,,,,,,,
"This table Includes only regular commercial harvest records. It excludes any special harvesting, for example under scientific licence, test fishery, etc.",,,,,,,,,
All information presented in this table arises from fishery dependent logbook programs.  Fishery dependent catch reporting relies on individual harvesters or groups of harvesters to monitor and report their own catch.,,,,,,,,,
Dependability of data arising from fishery dependent catch reporting programs is higher for those fisheries which also participate in independent verification such as 3rd party monitoring programs.  ,,,,,,,,,
These Trawl fisheries are not managed with comprehensive independent verification programs and as such the dependability of the data is unknown.,,,,,,,,,
,,,,,,,,,
Please consult the relevant Integrated Fisheries Management Plan for more information about this data. (Available at https://science-libraries.canada.ca/eng/fisheries-oceans/),,,,,,,,,
,,,,,,,,,
Fishery,Species¹,Year,PFMA,PFM Subarea†,Vessel Count,Reported Tow Duration (minutes),Total Landing (lbs),,
Euphausiid Trawl,RAB,1983,13,8,1,300,*,,RAB = Euphausiids (Order euphausiacea)
Euphausiid Trawl,RAB,1983,13,Total,1,300,*,,"67B = Scallops (Family pectinidae), including Genus chlamys and Weathervane Scallop (Patinopecten caurinus)"
Euphausiid Trawl,RAB,1983,15,5,1,360,*,,92D = Opalescent Inshore Squid (Doryteuthis opalescens)
Euphausiid Trawl,RAB,1983,15,6,1,420,*,,
Euphausiid Trawl,RAB,1983,15,Total,1,780,*,,"†NOTE: Values are duplicated in this table, to allow the release of data for areas where few vessels operate."
Euphausiid Trawl,RAB,1983,16,12,2,15420,*,,"Landings are presented separately for each Subarea and again as a sum ""Total"" for each PFMA."
Euphausiid Trawl,RAB,1983,16,13,1,1260,*,,
Euphausiid Trawl,RAB,1983,16,14,1,1680,*,,This data is provided under the Open Government Licence - Canada (https://open.canada.ca/en/open-government-licence-canada)
Euphausiid Trawl,RAB,1983,16,15,1,540,*,,The Shellfish Data Unit may be contacted by email at: PACSDU@dfo-mpo.gc.ca
Euphausiid Trawl,RAB,1983,16,Total,2,18900,*,,
Euphausiid Trawl,RAB,1984,16,12,2,30780,*,,
Euphausiid Trawl,RAB,1984,16,13,1,1680,*,,
Euphausiid Trawl,RAB,1984,16,14,1,1200,*,,
Euphausiid Trawl,RAB,1984,16,Total,2,33660,*,,
Euphausiid Trawl,RAB,1984,28,2,1,120,*,,
Euphausiid Trawl,RAB,1984,28,Total,1,120,*,,
Euphausiid Trawl,RAB,1985,15,5,1,660,*,,
Euphausiid Trawl,RAB,1985,15,Total,1,660,*,,
Euphausiid Trawl,RAB,1985,16,6,1,480,*,,
Euphausiid Trawl,RAB,1985,16,11,2,8460,*,,
Euphausiid Trawl,RAB,1985,16,12,2,9900,*,,
Euphausiid Trawl,RAB,1985,16,14,1,1920,*,,
Euphausiid Trawl,RAB,1985,16,Total,2,20760,*,,
Euphausiid Trawl,RAB,1985,28,1,1,1560,*,,
Euphausiid Trawl,RAB,1985,28,Total,1,1560,*,,
Euphausiid Trawl,RAB,1985,29,3,1,4020,*,,
Euphausiid Trawl,RAB,1985,29,Total,1,4020,*,,
Euphausiid Trawl,RAB,1986,16,0,1,600,*,,
Euphausiid Trawl,RAB,1986,16,3,1,180,*,,
Euphausiid Trawl,RAB,1986,16,11,2,6900,*,,
Euphausiid Trawl,RAB,1986,16,12,1,13260,*,,
Euphausiid Trawl,RAB,1986,16,13,1,5880,*,,
Euphausiid Trawl,RAB,1986,16,14,1,600,*,,
Euphausiid Trawl,RAB,1986,16,17,1,2760,*,,
Euphausiid Trawl,RAB,1986,16,18,1,480,*,,
Euphausiid Trawl,RAB,1986,16,Total,2,30660,*,,
Euphausiid Trawl,RAB,1987,16,11,4,16680,231480,,
Euphausiid Trawl,RAB,1987,16,12,2,780,*,,
Euphausiid Trawl,RAB,1987,16,13,1,240,*,,
Euphausiid Trawl,RAB,1987,16,16,1,600,*,,
Euphausiid Trawl,RAB,1987,16,18,1,3900,*,,
Euphausiid Trawl,RAB,1987,16,Total,4,22200,343715,,
Euphausiid Trawl,RAB,1988,15,1,1,840,*,,
Euphausiid Trawl,RAB,1988,15,5,1,480,*,,
Euphausiid Trawl,RAB,1988,15,Total,1,1320,*,,
Euphausiid Trawl,RAB,1988,16,6,2,2520,*,,
Euphausiid Trawl,RAB,1988,16,11,4,24720,282225,,
Euphausiid Trawl,RAB,1988,16,12,5,22080,178093,,
Euphausiid Trawl,RAB,1988,16,13,2,540,*,,
Euphausiid Trawl,RAB,1988,16,18,3,7620,67425,,
Euphausiid Trawl,RAB,1988,16,Total,5,57480,539593,,
Euphausiid Trawl,RAB,1989,12,30,1,1440,*,,
Euphausiid Trawl,RAB,1989,12,Total,1,1440,*,,
Euphausiid Trawl,RAB,1989,13,22,1,960,*,,
Euphausiid Trawl,RAB,1989,13,Total,1,960,*,,
Euphausiid Trawl,RAB,1989,15,5,3,15600,147507,,
Euphausiid Trawl,RAB,1989,15,Total,3,15600,147507,,
Euphausiid Trawl,RAB,1989,16,1,1,900,*,,
Euphausiid Trawl,RAB,1989,16,2,1,720,*,,
Euphausiid Trawl,RAB,1989,16,11,5,4500,103500,,
Euphausiid Trawl,RAB,1989,16,12,4,3000,68021,,
Euphausiid Trawl,RAB,1989,16,13,1,840,*,,
Euphausiid Trawl,RAB,1989,16,18,13,30240,277411,,
Euphausiid Trawl,RAB,1989,16,Total,13,40200,464724,,
Euphausiid Trawl,RAB,1989,17,11,1,1080,*,,
Euphausiid Trawl,RAB,1989,17,Total,1,1080,*,,
Euphausiid Trawl,RAB,1989,23,2,1,960,*,,
Euphausiid Trawl,RAB,1989,23,3,1,240,*,,
Euphausiid Trawl,RAB,1989,23,Total,1,1200,*,,
Euphausiid Trawl,RAB,1989,28,2,3,1080,999,,
Euphausiid Trawl,RAB,1989,28,3,3,3600,1998,,
Euphausiid Trawl,RAB,1989,28,Total,3,4680,2997,,
Euphausiid Trawl,RAB,1989,29,3,1,3840,*,,
Euphausiid Trawl,RAB,1989,29,Total,1,3840,*,,
Euphausiid Trawl,RAB,1990,12,0,1,960,*,,
Euphausiid Trawl,RAB,1990,12,28,2,5220,*,,
Euphausiid Trawl,RAB,1990,12,31,1,480,*,,
Euphausiid Trawl,RAB,1990,12,Total,3,6660,114190,,
Euphausiid Trawl,RAB,1990,13,0,1,1920,*,,
Euphausiid Trawl,RAB,1990,13,20,2,720,*,,
Euphausiid Trawl,RAB,1990,13,21,1,720,*,,
Euphausiid Trawl,RAB,1990,13,22,3,5280,49225,,
Euphausiid Trawl,RAB,1990,13,43,1,600,*,,
Euphausiid Trawl,RAB,1990,13,Total,6,9240,177505,,
Euphausiid Trawl,RAB,1990,15,5,3,5340,64071,,
Euphausiid Trawl,RAB,1990,15,6,3,3540,47725,,
Euphausiid Trawl,RAB,1990,15,Total,4,8880,111796,,
Euphausiid Trawl,RAB,1990,16,11,5,5340,86416,,
Euphausiid Trawl,RAB,1990,16,12,5,2400,47432,,
Euphausiid Trawl,RAB,1990,16,13,1,720,*,,
Euphausiid Trawl,RAB,1990,16,18,11,35040,480453,,
Euphausiid Trawl,RAB,1990,16,21,2,600,*,,
Euphausiid Trawl,RAB,1990,16,Total,14,44100,634001,,
Euphausiid Trawl,RAB,1990,28,0,1,840,*,,
Euphausiid Trawl,RAB,1990,28,1,1,360,*,,
Euphausiid Trawl,RAB,1990,28,2,4,4440,17500,,
Euphausiid Trawl,RAB,1990,28,Total,4,5640,17540,,
Euphausiid Trawl,RAB,1990,29,1,1,4740,*,,
Euphausiid Trawl,RAB,1990,29,Total,1,4740,*,,
Euphausiid Trawl,RAB,1991,0,0,1,5340,*,,
Euphausiid Trawl,RAB,1991,0,Total,1,5340,*,,
Euphausiid Trawl,RAB,1991,12,27,1,5100,*,,
Euphausiid Trawl,RAB,1991,12,Total,1,5100,*,,
Euphausiid Trawl,RAB,1991,13,20,5,6900,63792,,
Euphausiid Trawl,RAB,1991,13,21,2,900,*,,
Euphausiid Trawl,RAB,1991,13,22,3,4320,**,,
Euphausiid Trawl,RAB,1991,13,Total,7,12120,115248,,
Euphausiid Trawl,RAB,1991,15,2,1,1500,*,,
Euphausiid Trawl,RAB,1991,15,5,1,780,*,,
Euphausiid Trawl,RAB,1991,15,6,6,10140,67800,,
Euphausiid Trawl,RAB,1991,15,Total,7,12420,121088,,
Euphausiid Trawl,RAB,1991,16,4,2,13620,*,,
Euphausiid Trawl,RAB,1991,16,12,10,8940,**,,
Euphausiid Trawl,RAB,1991,16,18,7,14280,256550,,
Euphausiid Trawl,RAB,1991,16,Total,13,36840,595598,,
Euphausiid Trawl,RAB,1991,28,2,2,840,*,,
Euphausiid Trawl,RAB,1991,28,Total,2,840,*,,
Euphausiid Trawl,RAB,1992,15,5,1,3720,*,,
Euphausiid Trawl,RAB,1992,15,Total,1,3720,*,,
Euphausiid Trawl,RAB,1992,16,4,1,510,*,,
Euphausiid Trawl,RAB,1992,16,11,3,780,21500,,
Euphausiid Trawl,RAB,1992,16,12,2,1440,*,,
Euphausiid Trawl,RAB,1992,16,16,1,1860,*,,
Euphausiid Trawl,RAB,1992,16,18,7,19680,624900,,
Euphausiid Trawl,RAB,1992,16,Total,9,24270,737900,,
Euphausiid Trawl,RAB,1992,28,0,1,90,*,,
Euphausiid Trawl,RAB,1992,28,Total,1,90,*,,
Euphausiid Trawl,RAB,1992,29,1,1,120,*,,
Euphausiid Trawl,RAB,1992,29,Total,1,120,*,,
Euphausiid Trawl,RAB,1993,12,31,1,3600,*,,
Euphausiid Trawl,RAB,1993,12,Total,1,3600,*,,
Euphausiid Trawl,RAB,1993,15,5,1,3240,*,,
Euphausiid Trawl,RAB,1993,15,Total,1,3240,*,,
Euphausiid Trawl,RAB,1993,16,12,1,180,*,,
Euphausiid Trawl,RAB,1993,16,16,1,420,*,,
Euphausiid Trawl,RAB,1993,16,17,1,780,*,,
Euphausiid Trawl,RAB,1993,16,18,1,600,*,,
Euphausiid Trawl,RAB,1993,16,Total,1,1980,*,,
Euphausiid Trawl,RAB,1993,17,11,2,1320,*,,
Euphausiid Trawl,RAB,1993,17,Total,2,1320,*,,
Euphausiid Trawl,RAB,1993,29,1,1,480,*,,
Euphausiid Trawl,RAB,1993,29,2,1,660,*,,
Euphausiid Trawl,RAB,1993,29,Total,1,1140,*,,
Euphausiid Trawl,RAB,1994,13,18,1,0,*,,
Euphausiid Trawl,RAB,1994,13,Total,1,0,*,,
Euphausiid Trawl,RAB,1994,15,5,2,1800,*,,
Euphausiid Trawl,RAB,1994,15,6,2,4320,*,,
Euphausiid Trawl,RAB,1994,15,Total,3,6120,119840,,
Euphausiid Trawl,RAB,1994,16,0,1,1620,*,,
Euphausiid Trawl,RAB,1994,16,4,1,180,*,,
Euphausiid Trawl,RAB,1994,16,11,3,3240,37936,,
Euphausiid Trawl,RAB,1994,16,12,3,4140,59996,,
Euphausiid Trawl,RAB,1994,16,14,1,0,*,,
Euphausiid Trawl,RAB,1994,16,18,7,21060,576308,,
Euphausiid Trawl,RAB,1994,16,Total,8,30240,703164,,
Euphausiid Trawl,RAB,1994,28,0,1,0,*,,
Euphausiid Trawl,RAB,1994,28,1,1,480,*,,
Euphausiid Trawl,RAB,1994,28,Total,1,480,*,,
Euphausiid Trawl,RAB,1995,13,0,2,540,*,,
Euphausiid Trawl,RAB,1995,13,21,1,2280,*,,
Euphausiid Trawl,RAB,1995,13,Total,3,2820,98500,,
Euphausiid Trawl,RAB,1995,15,3,1,2340,*,,
Euphausiid Trawl,RAB,1995,15,5,3,1500,57000,,
Euphausiid Trawl,RAB,1995,15,6,1,660,*,,
Euphausiid Trawl,RAB,1995,15,Total,4,4500,100300,,
Euphausiid Trawl,RAB,1995,16,0,2,7680,*,,
Euphausiid Trawl,RAB,1995,16,11,2,1140,*,,
Euphausiid Trawl,RAB,1995,16,18,5,40500,693900,,
Euphausiid Trawl,RAB,1995,16,Total,7,49320,917534,,
Euphausiid Trawl,RAB,1996,13,0,1,1320,*,,
Euphausiid Trawl,RAB,1996,13,17,1,0,*,,
Euphausiid Trawl,RAB,1996,13,20,1,2640,*,,
Euphausiid Trawl,RAB,1996,13,21,2,2400,*,,
Euphausiid Trawl,RAB,1996,13,Total,5,6360,154736,,
Euphausiid Trawl,RAB,1996,15,5,3,2280,**,,
Euphausiid Trawl,RAB,1996,15,6,2,1140,*,,
Euphausiid Trawl,RAB,1996,15,Total,3,3420,93540,,
Euphausiid Trawl,RAB,1996,16,0,1,360,*,,
Euphausiid Trawl,RAB,1996,16,11,6,9120,298700,,
Euphausiid Trawl,RAB,1996,16,12,5,4680,**,,
Euphausiid Trawl,RAB,1996,16,18,8,14580,364530,,
Euphausiid Trawl,RAB,1996,16,Total,9,28740,832370,,
Euphausiid Trawl,RAB,1997,12,28,1,840,*,,
Euphausiid Trawl,RAB,1997,12,29,1,3960,*,,
Euphausiid Trawl,RAB,1997,12,Total,1,4800,*,,
Euphausiid Trawl,RAB,1997,13,19,1,240,*,,
Euphausiid Trawl,RAB,1997,13,20,3,6900,91090,,
Euphausiid Trawl,RAB,1997,13,21,1,1200,*,,
Euphausiid Trawl,RAB,1997,13,Total,4,8340,114789,,
Euphausiid Trawl,RAB,1997,15,1,5,9060,70123,,
Euphausiid Trawl,RAB,1997,15,5,6,5280,87828,,
Euphausiid Trawl,RAB,1997,15,6,3,2940,31565,,
Euphausiid Trawl,RAB,1997,15,Total,8,17280,189516,,
Euphausiid Trawl,RAB,1997,16,11,3,4380,20716,,
Euphausiid Trawl,RAB,1997,16,12,7,1500,118110,,
Euphausiid Trawl,RAB,1997,16,15,1,480,*,,
Euphausiid Trawl,RAB,1997,16,17,1,420,*,,
Euphausiid Trawl,RAB,1997,16,18,7,16440,151154,,
Euphausiid Trawl,RAB,1997,16,Total,12,23220,323380,,
Euphausiid Trawl,RAB,1998,13,17,1,480,*,,
Euphausiid Trawl,RAB,1998,13,18,1,1020,*,,
Euphausiid Trawl,RAB,1998,13,19,1,1907,*,,
Euphausiid Trawl,RAB,1998,13,Total,1,3407,*,,
Euphausiid Trawl,RAB,1998,15,5,5,1613,10750,,
Euphausiid Trawl,RAB,1998,15,Total,5,1613,10750,,
Euphausiid Trawl,RAB,1998,16,11,11,15375,696538,,
Euphausiid Trawl,RAB,1998,16,12,7,8618,163818,,
Euphausiid Trawl,RAB,1998,16,18,5,1180,67250,,
Euphausiid Trawl,RAB,1998,16,Total,11,25173,927606,,
Euphausiid Trawl,RAB,1999,12,28,1,298,*,,
Euphausiid Trawl,RAB,1999,12,29,1,406,*,,
Euphausiid Trawl,RAB,1999,12,Total,1,704,*,,
Euphausiid Trawl,RAB,1999,13,18,1,140,*,,
Euphausiid Trawl,RAB,1999,13,19,2,748,*,,
Euphausiid Trawl,RAB,1999,13,20,3,880,2560,,
Euphausiid Trawl,RAB,1999,13,21,1,1605,*,,
Euphausiid Trawl,RAB,1999,13,22,1,162,*,,
Euphausiid Trawl,RAB,1999,13,Total,5,3535,52060,,
Euphausiid Trawl,RAB,1999,15,1,2,1280,*,,
Euphausiid Trawl,RAB,1999,15,5,4,2869,35050,,
Euphausiid Trawl,RAB,1999,15,6,1,600,*,,
Euphausiid Trawl,RAB,1999,15,Total,5,4749,67350,,
Euphausiid Trawl,RAB,1999,16,10,2,127,*,,
Euphausiid Trawl,RAB,1999,16,11,10,28661,472653,,
Euphausiid Trawl,RAB,1999,16,12,8,2863,141100,,
Euphausiid Trawl,RAB,1999,16,16,1,620,*,,
Euphausiid Trawl,RAB,1999,16,18,5,5355,144200,,
Euphausiid Trawl,RAB,1999,16,Total,15,37626,783653,,
Euphausiid Trawl,RAB,2000,12,30,1,234,*,,
Euphausiid Trawl,RAB,2000,12,31,1,2259,*,,
Euphausiid Trawl,RAB,2000,12,Total,1,2493,*,,
Euphausiid Trawl,RAB,2000,13,19,1,613,*,,
Euphausiid Trawl,RAB,2000,13,20,4,1935,**,,
Euphausiid Trawl,RAB,2000,13,Total,5,2548,107500,,
Euphausiid Trawl,RAB,2000,15,5,7,3206,77600,,
Euphausiid Trawl,RAB,2000,15,6,3,1235,30000,,
Euphausiid Trawl,RAB,2000,15,Total,7,4441,107600,,
Euphausiid Trawl,RAB,2000,16,11,10,11268,485763,,
Euphausiid Trawl,RAB,2000,16,12,8,1856,177636,,
Euphausiid Trawl,RAB,2000,16,16,2,600,*,,
Euphausiid Trawl,RAB,2000,16,18,5,2870,**,,
Euphausiid Trawl,RAB,2000,16,Total,11,16594,793499,,
Euphausiid Trawl,RAB,2001,13,20,1,1690,*,,
Euphausiid Trawl,RAB,2001,13,21,1,2662,*,,
Euphausiid Trawl,RAB,2001,13,Total,1,4352,*,,
Euphausiid Trawl,RAB,2001,15,5,6,4425,101760,,
Euphausiid Trawl,RAB,2001,15,6,5,1625,29040,,
Euphausiid Trawl,RAB,2001,15,Total,6,6050,130800,,
Euphausiid Trawl,RAB,2001,16,11,8,12049,669028,,
Euphausiid Trawl,RAB,2001,16,12,6,5440,**,,
Euphausiid Trawl,RAB,2001,16,18,1,150,*,,
Euphausiid Trawl,RAB,2001,16,Total,10,17639,870728,,
Euphausiid Trawl,RAB,2002,12,27,1,60,*,,
Euphausiid Trawl,RAB,2002,12,28,1,555,*,,
Euphausiid Trawl,RAB,2002,12,29,1,60,*,,
Euphausiid Trawl,RAB,2002,12,Total,1,675,*,,
Euphausiid Trawl,RAB,2002,13,21,3,460,5500,,
Euphausiid Trawl,RAB,2002,13,Total,3,460,5500,,
Euphausiid Trawl,RAB,2002,15,5,8,3752,95200,,
Euphausiid Trawl,RAB,2002,15,6,5,980,40600,,
Euphausiid Trawl,RAB,2002,15,Total,8,4732,135800,,
Euphausiid Trawl,RAB,2002,16,11,9,13837,524700,,
Euphausiid Trawl,RAB,2002,16,12,8,3123,184260,,
Euphausiid Trawl,RAB,2002,16,16,2,260,*,,
Euphausiid Trawl,RAB,2002,16,17,1,90,*,,
Euphausiid Trawl,RAB,2002,16,18,9,6745,209900,,
Euphausiid Trawl,RAB,2002,16,Total,10,24055,930360,,
Euphausiid Trawl,RAB,2003,12,28,1,480,*,,
Euphausiid Trawl,RAB,2003,12,29,1,120,*,,
Euphausiid Trawl,RAB,2003,12,Total,1,600,*,,
Euphausiid Trawl,RAB,2003,13,19,1,315,*,,
Euphausiid Trawl,RAB,2003,13,20,1,390,*,,
Euphausiid Trawl,RAB,2003,13,21,1,540,*,,
Euphausiid Trawl,RAB,2003,13,Total,2,1245,*,,
Euphausiid Trawl,RAB,2003,15,5,2,5495,*,,
Euphausiid Trawl,RAB,2003,15,6,2,1100,*,,
Euphausiid Trawl,RAB,2003,15,Total,2,6595,*,,
Euphausiid Trawl,RAB,2003,16,11,4,1478,58100,,
Euphausiid Trawl,RAB,2003,16,12,4,3130,183300,,
Euphausiid Trawl,RAB,2003,16,Total,6,4608,241400,,
Euphausiid Trawl,RAB,2004,16,11,2,385,*,,
Euphausiid Trawl,RAB,2004,16,12,2,1020,*,,
Euphausiid Trawl,RAB,2004,16,18,1,150,*,,
Euphausiid Trawl,RAB,2004,16,Total,4,1555,112762,,
Euphausiid Trawl,RAB,2005,16,10,1,110,*,,
Euphausiid Trawl,RAB,2005,16,11,5,5911,539776,,
Euphausiid Trawl,RAB,2005,16,12,2,1780,*,,
Euphausiid Trawl,RAB,2005,16,16,1,60,*,,
Euphausiid Trawl,RAB,2005,16,Total,5,7861,696540,,
Euphausiid Trawl,RAB,2006,16,11,1,1075,*,,
Euphausiid Trawl,RAB,2006,16,12,3,1450,89380,,
Euphausiid Trawl,RAB,2006,16,13,1,320,*,,
Euphausiid Trawl,RAB,2006,16,18,1,90,*,,
Euphausiid Trawl,RAB,2006,16,Total,3,2935,129180,,
Euphausiid Trawl,RAB,2007,13,19,2,360,*,,
Euphausiid Trawl,RAB,2007,13,Total,2,360,*,,
Euphausiid Trawl,RAB,2007,15,5,2,2785,*,,
Euphausiid Trawl,RAB,2007,15,Total,2,2785,*,,
Euphausiid Trawl,RAB,2007,16,11,3,2575,**,,
Euphausiid Trawl,RAB,2007,16,12,4,4007,179100,,
Euphausiid Trawl,RAB,2007,16,18,2,760,*,,
Euphausiid Trawl,RAB,2007,16,Total,4,7342,239000,,
Euphausiid Trawl,RAB,2008,16,11,3,1971,33930,,
Euphausiid Trawl,RAB,2008,16,12,1,720,*,,
Euphausiid Trawl,RAB,2008,16,16,1,530,*,,
Euphausiid Trawl,RAB,2008,16,18,2,5026,*,,
Euphausiid Trawl,RAB,2008,16,Total,3,8247,259852,,
Euphausiid Trawl,RAB,2009,16,11,2,1470,*,,
Euphausiid Trawl,RAB,2009,16,12,3,755,5200,,
Euphausiid Trawl,RAB,2009,16,18,1,110,*,,
Euphausiid Trawl,RAB,2009,16,Total,4,2335,139082,,
Euphausiid Trawl,RAB,2010,13,19,1,225,*,,
Euphausiid Trawl,RAB,2010,13,Total,1,225,*,,
Euphausiid Trawl,RAB,2010,15,5,2,1245,*,,
Euphausiid Trawl,RAB,2010,15,Total,2,1245,*,,
Euphausiid Trawl,RAB,2010,16,11,4,3330,214560,,
Euphausiid Trawl,RAB,2010,16,12,5,2390,**,,
Euphausiid Trawl,RAB,2010,16,18,2,210,*,,
Euphausiid Trawl,RAB,2010,16,Total,5,5930,425495,,
Euphausiid Trawl,RAB,2011,16,11,4,3648,174530,,
Euphausiid Trawl,RAB,2011,16,12,1,1082,*,,
Euphausiid Trawl,RAB,2011,16,18,3,1535,**,,
Euphausiid Trawl,RAB,2011,16,Total,4,6265,321930,,
Euphausiid Trawl,RAB,2012,13,19,1,180,*,,
Euphausiid Trawl,RAB,2012,13,Total,1,180,*,,
Euphausiid Trawl,RAB,2012,15,5,1,375,*,,
Euphausiid Trawl,RAB,2012,15,Total,1,375,*,,
Euphausiid Trawl,RAB,2012,16,11,3,4795,367700,,
Euphausiid Trawl,RAB,2012,16,12,1,1505,*,,
Euphausiid Trawl,RAB,2012,16,18,2,485,*,,
Euphausiid Trawl,RAB,2012,16,Total,3,6785,546320,,
Euphausiid Trawl,RAB,2013,13,18,1,90,*,,
Euphausiid Trawl,RAB,2013,13,19,1,990,*,,
Euphausiid Trawl,RAB,2013,13,Total,1,1080,*,,
Euphausiid Trawl,RAB,2013,15,5,1,390,*,,
Euphausiid Trawl,RAB,2013,15,Total,1,390,*,,
Euphausiid Trawl,RAB,2013,16,11,3,1535,167935,,
Euphausiid Trawl,RAB,2013,16,12,1,615,*,,
Euphausiid Trawl,RAB,2013,16,18,3,570,**,,
Euphausiid Trawl,RAB,2013,16,Total,3,2720,393635,,
Euphausiid Trawl,RAB,2014,16,11,2,570,*,,
Euphausiid Trawl,RAB,2014,16,12,1,510,*,,
Euphausiid Trawl,RAB,2014,16,18,2,1505,*,,
Euphausiid Trawl,RAB,2014,16,Total,3,2585,67260,,
Euphausiid Trawl,RAB,2015,15,1,1,100,*,,
Euphausiid Trawl,RAB,2015,15,Total,1,100,*,,
Euphausiid Trawl,RAB,2015,16,11,3,1381,**,,
Euphausiid Trawl,RAB,2015,16,12,1,860,*,,
Euphausiid Trawl,RAB,2015,16,18,3,4455,121600,,
Euphausiid Trawl,RAB,2015,16,Total,3,6696,329537,,
Euphausiid Trawl,RAB,2016,13,19,1,300,*,,
Euphausiid Trawl,RAB,2016,13,Total,1,300,*,,
Euphausiid Trawl,RAB,2016,15,5,1,780,*,,
Euphausiid Trawl,RAB,2016,15,Total,1,780,*,,
Euphausiid Trawl,RAB,2016,16,11,1,780,*,,
Euphausiid Trawl,RAB,2016,16,12,1,2605,*,,
Euphausiid Trawl,RAB,2016,16,17,1,90,*,,
Euphausiid Trawl,RAB,2016,16,18,3,1555,38920,,
Euphausiid Trawl,RAB,2016,16,Total,3,5030,247570,,
Euphausiid Trawl,RAB,2017,16,12,1,3930,*,,
Euphausiid Trawl,RAB,2017,16,Total,1,3930,*,,
Euphausiid Trawl,RAB,2018,16,12,1,2410,*,,
Euphausiid Trawl,RAB,2018,16,Total,1,2410,*,,
Euphausiid Trawl,RAB,2019,13,19,2,2405,*,,
Euphausiid Trawl,RAB,2019,13,Total,2,2405,*,,
Euphausiid Trawl,RAB,2019,15,5,2,1500,*,,
Euphausiid Trawl,RAB,2019,15,6,1,260,*,,
Euphausiid Trawl,RAB,2019,15,Total,2,1760,*,,
Euphausiid Trawl,RAB,2019,16,11,1,2035,*,,
Euphausiid Trawl,RAB,2019,16,Total,1,2035,*,,
Euphausiid Trawl,RAB,2020,16,11,1,1960,*,,
Euphausiid Trawl,RAB,2020,16,18,1,600,*,,
Euphausiid Trawl,RAB,2020,16,Total,1,2560,*,,
Euphausiid Trawl,RAB,2021,13,19,1,465,*,,
Euphausiid Trawl,RAB,2021,13,Total,1,465,*,,
Euphausiid Trawl,RAB,2021,15,5,1,585,*,,
Euphausiid Trawl,RAB,2021,15,Total,1,585,*,,
Euphausiid Trawl,RAB,2021,16,11,1,660,*,,
Euphausiid Trawl,RAB,2021,16,12,1,1720,*,,
Euphausiid Trawl,RAB,2021,16,18,1,180,*,,
Euphausiid Trawl,RAB,2021,16,Total,1,2560,*,,
Euphausiid Trawl,RAB,2022,16,11,1,1400,*,,
Euphausiid Trawl,RAB,2022,16,12,1,3655,*,,
Euphausiid Trawl,RAB,2022,16,Total,1,5055,*,,
Euphausiid Trawl,RAB,2023,16,11,1,1915,*,,
Euphausiid Trawl,RAB,2023,16,12,1,325,*,,
Euphausiid Trawl,RAB,2023,16,18,1,675,*,,
Euphausiid Trawl,RAB,2023,16,Total,1,2915,*,,
Opalescent Squid,92D,1982,12,7,1,900,*,,
Opalescent Squid,92D,1982,12,Total,1,900,*,,
Opalescent Squid,92D,1982,23,7,2,5520,*,,
Opalescent Squid,92D,1982,23,Total,2,5520,*,,
Opalescent Squid,92D,1983,1,2,1,0,*,,
Opalescent Squid,92D,1983,1,Total,1,0,*,,
Opalescent Squid,92D,1983,2,1,1,0,*,,
Opalescent Squid,92D,1983,2,33,1,660,*,,
Opalescent Squid,92D,1983,2,43,2,480,*,,
Opalescent Squid,92D,1983,2,Total,3,1140,15400,,
Opalescent Squid,92D,1983,7,1,1,60,*,,
Opalescent Squid,92D,1983,7,2,1,1200,*,,
Opalescent Squid,92D,1983,7,3,1,1320,*,,
Opalescent Squid,92D,1983,7,12,1,120,*,,
Opalescent Squid,92D,1983,7,Total,1,2700,*,,
Opalescent Squid,92D,1983,8,2,1,180,*,,
Opalescent Squid,92D,1983,8,Total,1,180,*,,
Opalescent Squid,92D,1983,12,20,1,3660,*,,
Opalescent Squid,92D,1983,12,Total,1,3660,*,,
Opalescent Squid,92D,1983,14,7,1,1140,*,,
Opalescent Squid,92D,1983,14,Total,1,1140,*,,
Opalescent Squid,92D,1983,17,14,1,60,*,,
Opalescent Squid,92D,1983,17,Total,1,60,*,,
Opalescent Squid,92D,1983,20,5,1,2640,*,,
Opalescent Squid,92D,1983,20,Total,1,2640,*,,
Opalescent Squid,92D,1983,23,4,1,0,*,,
Opalescent Squid,92D,1983,23,6,2,0,*,,
Opalescent Squid,92D,1983,23,7,2,1500,*,,
Opalescent Squid,92D,1983,23,8,2,480,*,,
Opalescent Squid,92D,1983,23,10,1,0,*,,
Opalescent Squid,92D,1983,23,Total,5,1980,8155,,
Opalescent Squid,92D,1983,27,2,1,660,*,,
Opalescent Squid,92D,1983,27,3,1,1380,*,,
Opalescent Squid,92D,1983,27,Total,2,2040,*,,
Opalescent Squid,92D,1983,124,3,1,300,*,,
Opalescent Squid,92D,1983,124,Total,1,300,*,,
Opalescent Squid,92D,1984,2,40,1,60,*,,
Opalescent Squid,92D,1984,2,43,1,300,*,,
Opalescent Squid,92D,1984,2,49,1,2880,*,,
Opalescent Squid,92D,1984,2,Total,3,3240,2849,,
Opalescent Squid,92D,1984,5,22,1,1020,*,,
Opalescent Squid,92D,1984,5,Total,1,1020,*,,
Opalescent Squid,92D,1984,6,13,1,480,*,,
Opalescent Squid,92D,1984,6,16,1,2160,*,,
Opalescent Squid,92D,1984,6,Total,1,2640,*,,
Opalescent Squid,92D,1984,7,1,1,1200,*,,
Opalescent Squid,92D,1984,7,2,2,7260,*,,
Opalescent Squid,92D,1984,7,25,2,1680,*,,
Opalescent Squid,92D,1984,7,Total,3,10140,28605,,
Opalescent Squid,92D,1984,8,2,4,12060,38428,,
Opalescent Squid,92D,1984,8,16,3,1080,11665,,
Opalescent Squid,92D,1984,8,Total,5,13140,50093,,
Opalescent Squid,92D,1984,11,2,1,840,*,,
Opalescent Squid,92D,1984,11,Total,1,840,*,,
Opalescent Squid,92D,1984,12,15,1,0,*,,
Opalescent Squid,92D,1984,12,Total,1,0,*,,
Opalescent Squid,92D,1984,17,13,1,1800,*,,
Opalescent Squid,92D,1984,17,Total,1,1800,*,,
Opalescent Squid,92D,1984,19,2,1,6300,*,,
Opalescent Squid,92D,1984,19,Total,1,6300,*,,
Opalescent Squid,92D,1984,20,5,1,7020,*,,
Opalescent Squid,92D,1984,20,Total,1,7020,*,,
Opalescent Squid,92D,1984,23,3,1,720,*,,
Opalescent Squid,92D,1984,23,6,1,720,*,,
Opalescent Squid,92D,1984,23,7,2,960,*,,
Opalescent Squid,92D,1984,23,11,1,1080,*,,
Opalescent Squid,92D,1984,23,Total,3,3480,1052,,
Opalescent Squid,92D,1984,27,3,1,0,*,,
Opalescent Squid,92D,1984,27,6,1,0,*,,
Opalescent Squid,92D,1984,27,Total,2,0,*,,
Opalescent Squid,92D,1984,124,1,3,12360,38782,,
Opalescent Squid,92D,1984,124,Total,3,12360,38782,,
Opalescent Squid,92D,1985,2,18,1,60,*,,
Opalescent Squid,92D,1985,2,43,1,0,*,,
Opalescent Squid,92D,1985,2,Total,2,60,*,,
Opalescent Squid,92D,1985,7,0,1,0,*,,
Opalescent Squid,92D,1985,7,Total,1,0,*,,
Opalescent Squid,92D,1985,8,2,2,3180,*,,
Opalescent Squid,92D,1985,8,Total,2,3180,*,,
Opalescent Squid,92D,1985,14,1,1,0,*,,
Opalescent Squid,92D,1985,14,8,1,720,*,,
Opalescent Squid,92D,1985,14,Total,2,720,*,,
Opalescent Squid,92D,1985,17,19,1,0,*,,
Opalescent Squid,92D,1985,17,20,1,0,*,,
Opalescent Squid,92D,1985,17,Total,1,0,*,,
Opalescent Squid,92D,1985,23,7,5,17460,129393,,
Opalescent Squid,92D,1985,23,Total,5,17460,129393,,
Opalescent Squid,92D,1985,24,2,1,660,*,,
Opalescent Squid,92D,1985,24,3,4,2040,**,,
Opalescent Squid,92D,1985,24,Total,5,2700,42847,,
Opalescent Squid,92D,1985,124,1,1,1080,*,,
Opalescent Squid,92D,1985,124,Total,1,1080,*,,
Opalescent Squid,92D,1986,2,43,1,0,*,,
Opalescent Squid,92D,1986,2,Total,1,0,*,,
Opalescent Squid,92D,1986,7,20,1,0,*,,
Opalescent Squid,92D,1986,7,Total,1,0,*,,
Opalescent Squid,92D,1986,8,2,2,7800,*,,
Opalescent Squid,92D,1986,8,Total,2,7800,*,,
Opalescent Squid,92D,1986,17,2,1,0,*,,
Opalescent Squid,92D,1986,17,Total,1,0,*,,
Opalescent Squid,92D,1986,18,7,1,1860,*,,
Opalescent Squid,92D,1986,18,Total,1,1860,*,,
Opalescent Squid,92D,1986,23,7,6,20160,85242,,
Opalescent Squid,92D,1986,23,9,3,1620,2374,,
Opalescent Squid,92D,1986,23,11,3,4500,43525,,
Opalescent Squid,92D,1986,23,Total,8,26280,131141,,
Opalescent Squid,92D,1986,123,5,1,0,*,,
Opalescent Squid,92D,1986,123,Total,1,0,*,,
Opalescent Squid,92D,1986,124,1,2,420,*,,
Opalescent Squid,92D,1986,124,Total,2,420,*,,
Opalescent Squid,92D,1987,23,1,2,3000,*,,
Opalescent Squid,92D,1987,23,7,5,5580,51350,,
Opalescent Squid,92D,1987,23,11,2,480,*,,
Opalescent Squid,92D,1987,23,Total,6,9060,74790,,
Opalescent Squid,92D,1987,123,1,1,6600,*,,
Opalescent Squid,92D,1987,123,5,1,0,*,,
Opalescent Squid,92D,1987,123,Total,2,6600,*,,
Opalescent Squid,92D,1987,124,1,2,2700,*,,
Opalescent Squid,92D,1987,124,Total,2,2700,*,,
Opalescent Squid,92D,1988,8,2,1,0,*,,
Opalescent Squid,92D,1988,8,Total,1,0,*,,
Opalescent Squid,92D,1988,9,12,1,0,*,,
Opalescent Squid,92D,1988,9,Total,1,0,*,,
Opalescent Squid,92D,1988,23,7,7,4680,92173,,
Opalescent Squid,92D,1988,23,11,5,7620,89922,,
Opalescent Squid,92D,1988,23,Total,8,12300,182095,,
Opalescent Squid,92D,1988,123,5,2,0,*,,
Opalescent Squid,92D,1988,123,Total,2,0,*,,
Opalescent Squid,92D,1988,124,1,1,0,*,,
Opalescent Squid,92D,1988,124,Total,1,0,*,,
Opalescent Squid,92D,1989,23,7,3,6120,**,,
Opalescent Squid,92D,1989,23,11,2,8520,*,,
Opalescent Squid,92D,1989,23,Total,4,14640,53797,,
Opalescent Squid,92D,1989,123,1,2,2040,*,,
Opalescent Squid,92D,1989,123,5,1,240,*,,
Opalescent Squid,92D,1989,123,Total,2,2280,*,,
Opalescent Squid,92D,1989,124,1,2,4860,*,,
Opalescent Squid,92D,1989,124,Total,2,4860,*,,
Opalescent Squid,92D,1990,12,0,1,600,*,,
Opalescent Squid,92D,1990,12,Total,1,600,*,,
Opalescent Squid,92D,1990,18,3,1,1740,*,,
Opalescent Squid,92D,1990,18,Total,1,1740,*,,
Opalescent Squid,92D,1990,23,7,2,480,*,,
Opalescent Squid,92D,1990,23,8,1,1020,*,,
Opalescent Squid,92D,1990,23,11,1,360,*,,
Opalescent Squid,92D,1990,23,Total,3,1860,2062,,
Opalescent Squid,92D,1990,27,7,1,0,*,,
Opalescent Squid,92D,1990,27,Total,1,0,*,,
Opalescent Squid,92D,1990,123,1,2,780,*,,
Opalescent Squid,92D,1990,123,5,3,6720,**,,
Opalescent Squid,92D,1990,123,Total,5,7500,83152,,
Opalescent Squid,92D,1990,124,0,1,0,*,,
Opalescent Squid,92D,1990,124,1,2,5460,*,,
Opalescent Squid,92D,1990,124,Total,3,5460,20801,,
Opalescent Squid,92D,1991,11,2,1,720,*,,
Opalescent Squid,92D,1991,11,Total,1,720,*,,
Opalescent Squid,92D,1991,12,12,1,0,*,,
Opalescent Squid,92D,1991,12,Total,1,0,*,,
Opalescent Squid,92D,1991,14,1,1,600,*,,
Opalescent Squid,92D,1991,14,Total,1,600,*,,
Opalescent Squid,92D,1991,17,19,1,600,*,,
Opalescent Squid,92D,1991,17,20,1,600,*,,
Opalescent Squid,92D,1991,17,Total,1,1200,*,,
Opalescent Squid,92D,1991,23,7,2,420,*,,
Opalescent Squid,92D,1991,23,11,4,7680,**,,
Opalescent Squid,92D,1991,23,Total,4,8100,66573,,
Opalescent Squid,92D,1991,24,3,1,840,*,,
Opalescent Squid,92D,1991,24,Total,1,840,*,,
Opalescent Squid,92D,1991,123,1,2,960,*,,
Opalescent Squid,92D,1991,123,5,3,8400,**,,
Opalescent Squid,92D,1991,123,Total,3,9360,139093,,
Opalescent Squid,92D,1991,124,1,2,1320,*,,
Opalescent Squid,92D,1991,124,Total,2,1320,*,,
Opalescent Squid,92D,1992,12,11,1,480,*,,
Opalescent Squid,92D,1992,12,Total,1,480,*,,
Opalescent Squid,92D,1992,23,10,1,180,*,,
Opalescent Squid,92D,1992,23,11,2,1920,*,,
Opalescent Squid,92D,1992,23,Total,2,2100,*,,
Opalescent Squid,92D,1992,24,3,1,180,*,,
Opalescent Squid,92D,1992,24,Total,1,180,*,,
Opalescent Squid,92D,1992,123,1,1,240,*,,
Opalescent Squid,92D,1992,123,5,4,14760,140462,,
Opalescent Squid,92D,1992,123,7,2,1800,*,,
Opalescent Squid,92D,1992,123,Total,4,16800,153199,,
Opalescent Squid,92D,1993,12,3,1,420,*,,
Opalescent Squid,92D,1993,12,Total,1,420,*,,
Opalescent Squid,92D,1993,23,7,2,1080,*,,
Opalescent Squid,92D,1993,23,10,1,240,*,,
Opalescent Squid,92D,1993,23,11,3,2220,4800,,
Opalescent Squid,92D,1993,23,Total,3,3540,4800,,
Opalescent Squid,92D,1993,123,1,2,1440,*,,
Opalescent Squid,92D,1993,123,5,4,3660,6450,,
Opalescent Squid,92D,1993,123,7,1,1440,*,,
Opalescent Squid,92D,1993,123,Total,4,6540,24100,,
Opalescent Squid,92D,1993,124,3,1,420,*,,
Opalescent Squid,92D,1993,124,Total,1,420,*,,
Opalescent Squid,92D,1993,130,1,1,1440,*,,
Opalescent Squid,92D,1993,130,Total,1,1440,*,,
Opalescent Squid,92D,1994,7,20,1,1020,*,,
Opalescent Squid,92D,1994,7,25,3,2760,**,,
Opalescent Squid,92D,1994,7,Total,3,3780,14725,,
Opalescent Squid,92D,1994,8,2,1,1080,*,,
Opalescent Squid,92D,1994,8,Total,1,1080,*,,
Opalescent Squid,92D,1994,14,1,1,360,*,,
Opalescent Squid,92D,1994,14,2,1,360,*,,
Opalescent Squid,92D,1994,14,Total,1,720,*,,
Opalescent Squid,92D,1994,17,16,1,1080,*,,
Opalescent Squid,92D,1994,17,17,1,1800,*,,
Opalescent Squid,92D,1994,17,Total,1,2880,*,,
Opalescent Squid,92D,1994,23,7,1,0,*,,
Opalescent Squid,92D,1994,23,11,1,480,*,,
Opalescent Squid,92D,1994,23,Total,2,480,*,,
Opalescent Squid,92D,1994,27,2,1,360,*,,
Opalescent Squid,92D,1994,27,Total,1,360,*,,
Opalescent Squid,92D,1994,123,1,4,13440,179331,,
Opalescent Squid,92D,1994,123,5,3,3960,52417,,
Opalescent Squid,92D,1994,123,Total,4,17400,231748,,
Opalescent Squid,92D,1994,124,3,1,0,*,,
Opalescent Squid,92D,1994,124,Total,1,0,*,,
Opalescent Squid,92D,1995,2,6,1,0,*,,
Opalescent Squid,92D,1995,2,69,1,0,*,,
Opalescent Squid,92D,1995,2,76,1,0,*,,
Opalescent Squid,92D,1995,2,77,1,0,*,,
Opalescent Squid,92D,1995,2,Total,1,0,*,,
Opalescent Squid,92D,1995,7,2,1,0,*,,
Opalescent Squid,92D,1995,7,20,1,2040,*,,
Opalescent Squid,92D,1995,7,25,2,1200,*,,
Opalescent Squid,92D,1995,7,Total,2,3240,*,,
Opalescent Squid,92D,1995,8,2,1,2700,*,,
Opalescent Squid,92D,1995,8,Total,1,2700,*,,
Opalescent Squid,92D,1995,9,1,1,2880,*,,
Opalescent Squid,92D,1995,9,Total,1,2880,*,,
Opalescent Squid,92D,1995,10,1,1,0,*,,
Opalescent Squid,92D,1995,10,Total,1,0,*,,
Opalescent Squid,92D,1995,19,3,1,4140,*,,
Opalescent Squid,92D,1995,19,Total,1,4140,*,,
Opalescent Squid,92D,1995,23,0,1,0,*,,
Opalescent Squid,92D,1995,23,5,1,360,*,,
Opalescent Squid,92D,1995,23,7,1,1800,*,,
Opalescent Squid,92D,1995,23,11,2,1380,*,,
Opalescent Squid,92D,1995,23,Total,4,3540,11106,,
Opalescent Squid,92D,1995,123,0,1,0,*,,
Opalescent Squid,92D,1995,123,3,1,0,*,,
Opalescent Squid,92D,1995,123,5,4,5940,49654,,
Opalescent Squid,92D,1995,123,Total,5,5940,49974,,
Opalescent Squid,92D,1995,124,2,1,0,*,,
Opalescent Squid,92D,1995,124,3,1,6000,*,,
Opalescent Squid,92D,1995,124,Total,2,6000,*,,
Opalescent Squid,92D,1996,2,35,1,180,*,,
Opalescent Squid,92D,1996,2,70,1,240,*,,
Opalescent Squid,92D,1996,2,76,1,720,*,,
Opalescent Squid,92D,1996,2,87,1,360,*,,
Opalescent Squid,92D,1996,2,Total,2,1500,*,,
Opalescent Squid,92D,1996,3,11,1,180,*,,
Opalescent Squid,92D,1996,3,16,1,2580,*,,
Opalescent Squid,92D,1996,3,17,1,840,*,,
Opalescent Squid,92D,1996,3,Total,1,3600,*,,
Opalescent Squid,92D,1996,6,9,1,720,*,,
Opalescent Squid,92D,1996,6,Total,1,720,*,,
Opalescent Squid,92D,1996,7,20,2,3480,*,,
Opalescent Squid,92D,1996,7,25,2,1500,*,,
Opalescent Squid,92D,1996,7,32,1,480,*,,
Opalescent Squid,92D,1996,7,Total,3,5460,16000,,
Opalescent Squid,92D,1996,8,2,2,4260,*,,
Opalescent Squid,92D,1996,8,Total,2,4260,*,,
Opalescent Squid,92D,1996,9,1,2,3540,*,,
Opalescent Squid,92D,1996,9,Total,2,3540,*,,
Opalescent Squid,92D,1996,11,1,1,240,*,,
Opalescent Squid,92D,1996,11,Total,1,240,*,,
Opalescent Squid,92D,1996,17,12,1,240,*,,
Opalescent Squid,92D,1996,17,Total,1,240,*,,
Opalescent Squid,92D,1996,18,4,1,4020,*,,
Opalescent Squid,92D,1996,18,Total,1,4020,*,,
Opalescent Squid,92D,1996,19,3,2,3960,*,,
Opalescent Squid,92D,1996,19,Total,2,3960,*,,
Opalescent Squid,92D,1996,23,7,2,5520,*,,
Opalescent Squid,92D,1996,23,11,1,360,*,,
Opalescent Squid,92D,1996,23,Total,3,5880,14000,,
Opalescent Squid,92D,1996,123,1,4,5040,13770,,
Opalescent Squid,92D,1996,123,5,9,24180,75892,,
Opalescent Squid,92D,1996,123,Total,9,29220,89662,,
Opalescent Squid,92D,1996,124,1,1,0,*,,
Opalescent Squid,92D,1996,124,Total,1,0,*,,
Opalescent Squid,92D,1997,0,0,2,1680,*,,
Opalescent Squid,92D,1997,0,Total,2,1680,*,,
Opalescent Squid,92D,1997,2,11,1,180,*,,
Opalescent Squid,92D,1997,2,18,1,60,*,,
Opalescent Squid,92D,1997,2,Total,1,240,*,,
Opalescent Squid,92D,1997,3,16,1,300,*,,
Opalescent Squid,92D,1997,3,17,1,960,*,,
Opalescent Squid,92D,1997,3,Total,1,1260,*,,
Opalescent Squid,92D,1997,7,20,1,2100,*,,
Opalescent Squid,92D,1997,7,Total,1,2100,*,,
Opalescent Squid,92D,1997,8,2,2,2040,*,,
Opalescent Squid,92D,1997,8,Total,2,2040,*,,
Opalescent Squid,92D,1997,9,1,1,60,*,,
Opalescent Squid,92D,1997,9,Total,1,60,*,,
Opalescent Squid,92D,1997,11,1,1,240,*,,
Opalescent Squid,92D,1997,11,Total,1,240,*,,
Opalescent Squid,92D,1997,12,11,1,0,*,,
Opalescent Squid,92D,1997,12,Total,1,0,*,,
Opalescent Squid,92D,1997,18,6,1,180,*,,
Opalescent Squid,92D,1997,18,Total,1,180,*,,
Opalescent Squid,92D,1997,23,8,1,480,*,,
Opalescent Squid,92D,1997,23,11,1,480,*,,
Opalescent Squid,92D,1997,23,Total,2,960,*,,
Opalescent Squid,92D,1997,123,1,1,480,*,,
Opalescent Squid,92D,1997,123,5,1,1440,*,,
Opalescent Squid,92D,1997,123,Total,1,1920,*,,
Opalescent Squid,92D,1998,2,0,1,540,*,,
Opalescent Squid,92D,1998,2,38,1,120,*,,
Opalescent Squid,92D,1998,2,41,1,600,*,,
Opalescent Squid,92D,1998,2,58,1,840,*,,
Opalescent Squid,92D,1998,2,63,2,3000,*,,
Opalescent Squid,92D,1998,2,70,1,3240,*,,
Opalescent Squid,92D,1998,2,87,1,480,*,,
Opalescent Squid,92D,1998,2,Total,2,8820,*,,
Opalescent Squid,92D,1998,6,9,1,120,*,,
Opalescent Squid,92D,1998,6,Total,1,120,*,,
Opalescent Squid,92D,1998,7,9,1,0,*,,
Opalescent Squid,92D,1998,7,20,2,2040,*,,
Opalescent Squid,92D,1998,7,25,2,3360,*,,
Opalescent Squid,92D,1998,7,Total,3,5400,14620,,
Opalescent Squid,92D,1998,8,2,3,900,1826,,
Opalescent Squid,92D,1998,8,Total,3,900,1826,,
Opalescent Squid,92D,1998,9,12,2,720,*,,
Opalescent Squid,92D,1998,9,Total,2,720,*,,
Opalescent Squid,92D,1998,12,11,1,0,*,,
Opalescent Squid,92D,1998,12,Total,1,0,*,,
Opalescent Squid,92D,1998,16,10,1,300,*,,
Opalescent Squid,92D,1998,16,Total,1,300,*,,
Opalescent Squid,92D,1998,23,7,1,1080,*,,
Opalescent Squid,92D,1998,23,9,1,360,*,,
Opalescent Squid,92D,1998,23,11,1,2160,*,,
Opalescent Squid,92D,1998,23,Total,1,3600,*,,
Opalescent Squid,92D,1998,27,2,1,1920,*,,
Opalescent Squid,92D,1998,27,Total,1,1920,*,,
Opalescent Squid,92D,1998,123,1,1,1080,*,,
Opalescent Squid,92D,1998,123,5,1,2520,*,,
Opalescent Squid,92D,1998,123,Total,1,3600,*,,
Opalescent Squid,92D,1999,2,63,1,300,*,,
Opalescent Squid,92D,1999,2,70,2,6240,*,,
Opalescent Squid,92D,1999,2,Total,2,6540,*,,
Opalescent Squid,92D,1999,7,20,2,960,*,,
Opalescent Squid,92D,1999,7,25,1,420,*,,
Opalescent Squid,92D,1999,7,Total,2,1380,*,,
Opalescent Squid,92D,1999,23,7,2,2400,*,,
Opalescent Squid,92D,1999,23,10,1,360,*,,
Opalescent Squid,92D,1999,23,Total,2,2760,*,,
Opalescent Squid,92D,1999,123,1,1,720,*,,
Opalescent Squid,92D,1999,123,5,1,1440,*,,
Opalescent Squid,92D,1999,123,Total,1,2160,*,,
Opalescent Squid,92D,2000,2,69,1,180,*,,
Opalescent Squid,92D,2000,2,70,1,1080,*,,
Opalescent Squid,92D,2000,2,77,1,1320,*,,
Opalescent Squid,92D,2000,2,87,1,180,*,,
Opalescent Squid,92D,2000,2,Total,2,2760,*,,
Opalescent Squid,92D,2001,23,7,1,0,*,,
Opalescent Squid,92D,2001,23,11,1,60,*,,
Opalescent Squid,92D,2001,23,Total,1,60,*,,
Opalescent Squid,92D,2001,123,1,1,0,*,,
Opalescent Squid,92D,2001,123,5,2,8340,*,,
Opalescent Squid,92D,2001,123,Total,2,8340,*,,
Opalescent Squid,92D,2001,142,2,1,180,*,,
Opalescent Squid,92D,2001,142,Total,1,180,*,,
Opalescent Squid,92D,2002,2,70,1,780,*,,
Opalescent Squid,92D,2002,2,77,1,1320,*,,
Opalescent Squid,92D,2002,2,Total,1,2100,*,,
Opalescent Squid,92D,2002,8,2,1,300,*,,
Opalescent Squid,92D,2002,8,Total,1,300,*,,
Opalescent Squid,92D,2002,23,11,1,60,*,,
Opalescent Squid,92D,2002,23,Total,1,60,*,,
Opalescent Squid,92D,2003,23,7,1,0,*,,
Opalescent Squid,92D,2003,23,11,1,0,*,,
Opalescent Squid,92D,2003,23,Total,1,0,*,,
Opalescent Squid,92D,2003,123,0,1,0,*,,
Opalescent Squid,92D,2003,123,1,1,0,*,,
Opalescent Squid,92D,2003,123,5,1,4800,*,,
Opalescent Squid,92D,2003,123,Total,1,4800,*,,
Opalescent Squid,92D,2003,124,3,1,0,*,,
Opalescent Squid,92D,2003,124,Total,1,0,*,,
Opalescent Squid,92D,2004,123,5,1,960,*,,
Opalescent Squid,92D,2004,123,Total,1,960,*,,
Opalescent Squid,92D,2005,2,69,1,180,*,,
Opalescent Squid,92D,2005,2,70,1,180,*,,
Opalescent Squid,92D,2005,2,77,1,240,*,,
Opalescent Squid,92D,2005,2,Total,1,600,*,,
Scallop Trawl,67B,1982,19,3,1,9420,*,,
Scallop Trawl,67B,1982,19,Total,1,9420,*,,
Scallop Trawl,67B,1983,17,2,1,0,*,,
Scallop Trawl,67B,1983,17,4,1,0,*,,
Scallop Trawl,67B,1983,17,6,1,0,*,,
Scallop Trawl,67B,1983,17,8,1,0,*,,
Scallop Trawl,67B,1983,17,Total,2,0,*,,
Scallop Trawl,67B,1983,18,1,1,0,*,,
Scallop Trawl,67B,1983,18,5,1,0,*,,
Scallop Trawl,67B,1983,18,9,1,0,*,,
Scallop Trawl,67B,1983,18,Total,2,0,*,,
Scallop Trawl,67B,1984,18,1,2,6540,*,,
Scallop Trawl,67B,1984,18,4,1,0,*,,
Scallop Trawl,67B,1984,18,5,1,360,*,,
Scallop Trawl,67B,1984,18,Total,4,6900,9453,,
Scallop Trawl,67B,1985,1,5,1,0,*,,
Scallop Trawl,67B,1985,1,Total,1,0,*,,
Scallop Trawl,67B,1985,18,1,2,16320,*,,
Scallop Trawl,67B,1985,18,Total,2,16320,*,,
Scallop Trawl,67B,1988,20,5,4,19080,20062,,
Scallop Trawl,67B,1988,20,Total,4,19080,20062,,
Scallop Trawl,67B,1989,14,8,1,0,*,,
Scallop Trawl,67B,1989,14,Total,1,0,*,,
Scallop Trawl,67B,1989,20,5,4,55020,64054,,
Scallop Trawl,67B,1989,20,Total,4,55020,64054,,
Scallop Trawl,67B,1990,14,4,1,0,*,,
Scallop Trawl,67B,1990,14,5,1,600,*,,
Scallop Trawl,67B,1990,14,Total,2,600,*,,
Scallop Trawl,67B,1990,18,5,1,0,*,,
Scallop Trawl,67B,1990,18,11,1,0,*,,
Scallop Trawl,67B,1990,18,Total,1,0,*,,
Scallop Trawl,67B,1990,20,5,3,20760,21385,,
Scallop Trawl,67B,1990,20,Total,3,20760,21385,,
Scallop Trawl,67B,1991,14,0,1,2280,*,,
Scallop Trawl,67B,1991,14,5,1,600,*,,
Scallop Trawl,67B,1991,14,7,1,780,*,,
Scallop Trawl,67B,1991,14,8,2,0,*,,
Scallop Trawl,67B,1991,14,9,2,420,*,,
Scallop Trawl,67B,1991,14,12,1,3960,*,,
Scallop Trawl,67B,1991,14,13,3,7200,13631,,
Scallop Trawl,67B,1991,14,Total,7,15240,45058,,
Scallop Trawl,67B,1991,17,2,1,0,*,,
Scallop Trawl,67B,1991,17,5,1,2940,*,,
Scallop Trawl,67B,1991,17,18,1,5400,*,,
Scallop Trawl,67B,1991,17,Total,2,8340,*,,
Scallop Trawl,67B,1991,18,2,1,780,*,,
Scallop Trawl,67B,1991,18,5,1,3540,*,,
Scallop Trawl,67B,1991,18,Total,1,4320,*,,
Scallop Trawl,67B,1991,20,5,3,5100,4093,,
Scallop Trawl,67B,1991,20,Total,3,5100,4093,,
Scallop Trawl,67B,1992,14,5,2,4260,*,,
Scallop Trawl,67B,1992,14,8,1,0,*,,
Scallop Trawl,67B,1992,14,9,1,600,*,,
Scallop Trawl,67B,1992,14,12,2,600,*,,
Scallop Trawl,67B,1992,14,13,3,23760,31754,,
Scallop Trawl,67B,1992,14,Total,8,29220,45606,,
Scallop Trawl,67B,1992,17,2,2,1440,*,,
Scallop Trawl,67B,1992,17,6,1,1320,*,,
Scallop Trawl,67B,1992,17,18,1,2340,*,,
Scallop Trawl,67B,1992,17,19,1,1440,*,,
Scallop Trawl,67B,1992,17,20,1,1140,*,,
Scallop Trawl,67B,1992,17,Total,2,7680,*,,
Scallop Trawl,67B,1992,18,5,1,600,*,,
Scallop Trawl,67B,1992,18,Total,1,600,*,,
Scallop Trawl,67B,1993,0,0,1,3060,*,,
Scallop Trawl,67B,1993,0,Total,1,3060,*,,
Scallop Trawl,67B,1993,13,10,2,4440,*,,
Scallop Trawl,67B,1993,13,12,1,420,*,,
Scallop Trawl,67B,1993,13,Total,2,4860,*,,
Scallop Trawl,67B,1993,14,5,1,360,*,,
Scallop Trawl,67B,1993,14,8,2,180,*,,
Scallop Trawl,67B,1993,14,9,1,660,*,,
Scallop Trawl,67B,1993,14,11,1,180,*,,
Scallop Trawl,67B,1993,14,13,2,5340,*,,
Scallop Trawl,67B,1993,14,Total,7,6720,14063,,
Scallop Trawl,67B,1993,17,2,1,360,*,,
Scallop Trawl,67B,1993,17,7,1,180,*,,
Scallop Trawl,67B,1993,17,13,1,7740,*,,
Scallop Trawl,67B,1993,17,Total,1,8280,*,,
Scallop Trawl,67B,1993,18,2,1,300,*,,
Scallop Trawl,67B,1993,18,Total,1,300,*,,
Scallop Trawl,67B,1993,20,5,1,3360,*,,
Scallop Trawl,67B,1993,20,Total,1,3360,*,,
Scallop Trawl,67B,1993,25,7,1,0,*,,
Scallop Trawl,67B,1993,25,8,1,0,*,,
Scallop Trawl,67B,1993,25,Total,1,0,*,,
Scallop Trawl,67B,1993,125,1,1,0,*,,
Scallop Trawl,67B,1993,125,Total,1,0,*,,
Scallop Trawl,67B,1994,13,10,1,1740,*,,
Scallop Trawl,67B,1994,13,18,2,5280,*,,
Scallop Trawl,67B,1994,13,Total,2,7020,*,,
Scallop Trawl,67B,1994,14,8,1,0,*,,
Scallop Trawl,67B,1994,14,13,1,3180,*,,
Scallop Trawl,67B,1994,14,Total,2,3180,*,,
Scallop Trawl,67B,1995,13,10,2,3840,*,,
Scallop Trawl,67B,1995,13,12,2,10680,*,,
Scallop Trawl,67B,1995,13,18,2,18960,*,,
Scallop Trawl,67B,1995,13,Total,2,33480,*,,
Scallop Trawl,67B,1995,14,5,1,5880,*,,
Scallop Trawl,67B,1995,14,7,1,720,*,,
Scallop Trawl,67B,1995,14,8,1,600,*,,
Scallop Trawl,67B,1995,14,10,1,720,*,,
Scallop Trawl,67B,1995,14,13,1,4080,*,,
Scallop Trawl,67B,1995,14,Total,4,12000,10254,,
Scallop Trawl,67B,1995,17,2,1,720,*,,
Scallop Trawl,67B,1995,17,Total,1,720,*,,
Scallop Trawl,67B,1995,18,1,1,900,*,,
Scallop Trawl,67B,1995,18,2,1,180,*,,
Scallop Trawl,67B,1995,18,9,1,300,*,,
Scallop Trawl,67B,1995,18,Total,2,1380,*,,
Scallop Trawl,67B,1995,20,5,1,3000,*,,
Scallop Trawl,67B,1995,20,Total,1,3000,*,,
Scallop Trawl,67B,1996,13,1,1,6180,*,,
Scallop Trawl,67B,1996,13,10,1,600,*,,
Scallop Trawl,67B,1996,13,18,1,1200,*,,
Scallop Trawl,67B,1996,13,Total,1,7980,*,,
Scallop Trawl,67B,1996,14,7,2,10140,*,,
Scallop Trawl,67B,1996,14,13,1,5520,*,,
Scallop Trawl,67B,1996,14,Total,3,15660,11519,,
Scallop Trawl,67B,1996,16,1,1,360,*,,
Scallop Trawl,67B,1996,16,Total,1,360,*,,
Scallop Trawl,67B,1996,23,11,1,120,*,,
Scallop Trawl,67B,1996,23,Total,1,120,*,,
Scallop Trawl,67B,1996,123,1,1,120,*,,
Scallop Trawl,67B,1996,123,Total,1,120,*,,
Scallop Trawl,67B,1997,13,1,1,1920,*,,
Scallop Trawl,67B,1997,13,Total,1,1920,*,,
Scallop Trawl,67B,1997,14,5,1,2100,*,,
Scallop Trawl,67B,1997,14,7,1,7800,*,,
Scallop Trawl,67B,1997,14,9,1,300,*,,
Scallop Trawl,67B,1997,14,13,1,2760,*,,
Scallop Trawl,67B,1997,14,Total,3,12960,7532,,
Scallop Trawl,67B,1998,13,1,1,2280,*,,
Scallop Trawl,67B,1998,13,Total,1,2280,*,,
Scallop Trawl,67B,1998,14,7,1,7140,*,,
Scallop Trawl,67B,1998,14,13,2,5880,*,,
Scallop Trawl,67B,1998,14,Total,3,13020,8429,,
Scallop Trawl,67B,1998,20,5,1,660,*,,
Scallop Trawl,67B,1998,20,Total,1,660,*,,
Scallop Trawl,67B,1999,13,1,1,600,*,,
Scallop Trawl,67B,1999,13,10,1,4920,*,,
Scallop Trawl,67B,1999,13,12,1,1080,*,,
Scallop Trawl,67B,1999,13,Total,1,6600,*,,
Scallop Trawl,67B,1999,14,7,1,2940,*,,
Scallop Trawl,67B,1999,14,Total,1,2940,*,,
Scallop Trawl,67B,1999,15,2,1,1320,*,,
Scallop Trawl,67B,1999,15,Total,1,1320,*,,
Scallop Trawl,67B,2001,13,1,1,4860,*,,
Scallop Trawl,67B,2001,13,18,1,12000,*,,
Scallop Trawl,67B,2001,13,Total,1,16860,*,,
Scallop Trawl,67B,2002,13,1,3,3540,2892,,
Scallop Trawl,67B,2002,13,8,1,360,*,,
Scallop Trawl,67B,2002,13,10,1,1020,*,,
Scallop Trawl,67B,2002,13,18,3,13560,5871,,
Scallop Trawl,67B,2002,13,Total,4,18480,9914,,
Scallop Trawl,67B,2002,14,7,1,420,*,,
Scallop Trawl,67B,2002,14,Total,1,420,*,,
Scallop Trawl,67B,2003,13,1,4,7440,7630,,
Scallop Trawl,67B,2003,13,8,1,2220,*,,
Scallop Trawl,67B,2003,13,9,1,780,*,,
Scallop Trawl,67B,2003,13,10,2,4140,*,,
Scallop Trawl,67B,2003,13,12,1,2340,*,,
Scallop Trawl,67B,2003,13,18,1,2280,*,,
Scallop Trawl,67B,2003,13,Total,4,19200,18003,,
Scallop Trawl,67B,2003,14,7,1,8040,*,,
Scallop Trawl,67B,2003,14,12,1,2880,*,,
Scallop Trawl,67B,2003,14,Total,2,10920,*,,
Scallop Trawl,67B,2004,13,1,2,8880,*,,
Scallop Trawl,67B,2004,13,2,1,120,*,,
Scallop Trawl,67B,2004,13,8,1,2100,*,,
Scallop Trawl,67B,2004,13,9,4,7020,6790,,
Scallop Trawl,67B,2004,13,10,2,5760,*,,
Scallop Trawl,67B,2004,13,11,1,540,*,,
Scallop Trawl,67B,2004,13,12,1,1140,*,,
Scallop Trawl,67B,2004,13,18,1,960,*,,
Scallop Trawl,67B,2004,13,Total,4,26520,26712,,
Scallop Trawl,67B,2004,14,7,1,2340,*,,
Scallop Trawl,67B,2004,14,12,1,900,*,,
Scallop Trawl,67B,2004,14,Total,2,3240,*,,
Scallop Trawl,67B,2005,13,1,2,5820,*,,
Scallop Trawl,67B,2005,13,8,2,2040,*,,
Scallop Trawl,67B,2005,13,9,4,8520,10107,,
Scallop Trawl,67B,2005,13,10,1,1680,*,,
Scallop Trawl,67B,2005,13,12,1,1080,*,,
Scallop Trawl,67B,2005,13,18,1,1800,*,,
Scallop Trawl,67B,2005,13,Total,4,20940,25702,,
Scallop Trawl,67B,2005,14,7,1,360,*,,
Scallop Trawl,67B,2005,14,Total,1,360,*,,
Scallop Trawl,67B,2006,13,1,3,6900,7680,,
Scallop Trawl,67B,2006,13,8,1,2220,*,,
Scallop Trawl,67B,2006,13,9,3,8040,6217,,
Scallop Trawl,67B,2006,13,10,1,3000,*,,
Scallop Trawl,67B,2006,13,11,1,240,*,,
Scallop Trawl,67B,2006,13,18,1,2400,*,,
Scallop Trawl,67B,2006,13,Total,3,22800,23392,,
Scallop Trawl,67B,2007,13,1,3,12480,11798,,
Scallop Trawl,67B,2007,13,8,1,5820,*,,
Scallop Trawl,67B,2007,13,9,3,7320,5170,,
Scallop Trawl,67B,2007,13,10,1,3480,*,,
Scallop Trawl,67B,2007,13,18,1,5280,*,,
Scallop Trawl,67B,2007,13,Total,3,34380,29551,,
Scallop Trawl,67B,2008,13,1,3,14700,11695,,
Scallop Trawl,67B,2008,13,2,2,9420,*,,
Scallop Trawl,67B,2008,13,8,1,3060,*,,
Scallop Trawl,67B,2008,13,9,3,7260,6945,,
Scallop Trawl,67B,2008,13,10,1,1260,*,,
Scallop Trawl,67B,2008,13,12,1,1980,*,,
Scallop Trawl,67B,2008,13,18,1,5340,*,,
Scallop Trawl,67B,2008,13,Total,3,43020,31479,,
Scallop Trawl,67B,2008,14,13,1,720,*,,
Scallop Trawl,67B,2008,14,Total,1,720,*,,
Scallop Trawl,67B,2009,13,1,3,7860,9614,,
Scallop Trawl,67B,2009,13,2,1,600,*,,
Scallop Trawl,67B,2009,13,8,1,3780,*,,
Scallop Trawl,67B,2009,13,9,3,11520,9226,,
Scallop Trawl,67B,2009,13,10,1,3360,*,,
Scallop Trawl,67B,2009,13,11,1,960,*,,
Scallop Trawl,67B,2009,13,18,1,1860,*,,
Scallop Trawl,67B,2009,13,Total,3,29940,25420,,
Scallop Trawl,67B,2010,13,1,3,12360,13406,,
Scallop Trawl,67B,2010,13,2,1,660,*,,
Scallop Trawl,67B,2010,13,8,1,420,*,,
Scallop Trawl,67B,2010,13,9,3,4260,3195,,
Scallop Trawl,67B,2010,13,Total,3,17700,17259,,
Scallop Trawl,67B,2011,13,1,3,17520,13027,,
Scallop Trawl,67B,2011,13,2,1,420,*,,
Scallop Trawl,67B,2011,13,8,1,300,*,,
Scallop Trawl,67B,2011,13,9,3,8400,7490,,
Scallop Trawl,67B,2011,13,18,1,900,*,,
Scallop Trawl,67B,2011,13,Total,3,27540,21113,,
Scallop Trawl,67B,2012,13,1,1,2820,*,,
Scallop Trawl,67B,2012,13,9,1,6720,*,,
Scallop Trawl,67B,2012,13,Total,1,9540,*,,
Scallop Trawl,67B,2013,13,1,1,1800,*,,
Scallop Trawl,67B,2013,13,8,1,1560,*,,
Scallop Trawl,67B,2013,13,9,1,5160,*,,
Scallop Trawl,67B,2013,13,Total,1,8520,*,,
Scallop Trawl,67B,2014,13,1,1,1500,*,,
Scallop Trawl,67B,2014,13,8,1,1140,*,,
Scallop Trawl,67B,2014,13,9,1,960,*,,
Scallop Trawl,67B,2014,13,10,1,1260,*,,
Scallop Trawl,67B,2014,13,Total,1,4860,*,,
Scallop Trawl,67B,2017,13,1,2,4020,*,,
Scallop Trawl,67B,2017,13,Total,2,4020,*,,
Scallop Trawl,67B,2018,13,1,2,17220,*,,
Scallop Trawl,67B,2018,13,8,1,2760,*,,
Scallop Trawl,67B,2018,13,9,1,2460,*,,
Scallop Trawl,67B,2018,13,Total,2,22440,*,,
Scallop Trawl,67B,2019,13,1,2,4560,*,,
Scallop Trawl,67B,2019,13,8,1,2880,*,,
Scallop Trawl,67B,2019,13,9,1,5880,*,,
Scallop Trawl,67B,2019,13,Total,2,13320,*,,
Scallop Trawl,67B,2020,13,1,1,3480,*,,
Scallop Trawl,67B,2020,13,8,1,2160,*,,
Scallop Trawl,67B,2020,13,9,1,1920,*,,
Scallop Trawl,67B,2020,13,Total,1,7560,*,,
Scallop Trawl,67B,2021,13,1,3,13380,12072,,
Scallop Trawl,67B,2021,13,8,1,8100,*,,
Scallop Trawl,67B,2021,13,9,1,3540,*,,
Scallop Trawl,67B,2021,13,10,1,1620,*,,
Scallop Trawl,67B,2021,13,Total,3,26640,21192,,
Scallop Trawl,67B,2022,13,1,3,4920,9255,,
Scallop Trawl,67B,2022,13,2,1,360,*,,
Scallop Trawl,67B,2022,13,9,2,12240,*,,
Scallop Trawl,67B,2022,13,10,2,7080,*,,
Scallop Trawl,67B,2022,13,Total,3,24600,26387,,
Scallop Trawl,67B,2023,13,1,3,7380,12752,,
Scallop Trawl,67B,2023,13,8,1,600,*,,
Scallop Trawl,67B,2023,13,9,1,2400,*,,
Scallop Trawl,67B,2023,13,10,2,1980,*,,
Scallop Trawl,67B,2023,13,Total,3,12360,18123,,
Scallop Trawl,67B,2024,13,1,4,11100,**,,
Scallop Trawl,67B,2024,13,8,1,540,*,,
Scallop Trawl,67B,2024,13,Total,4,11640,20429,,
Scallop Trawl,67B,2025,13,1,3,8280,**,,
Scallop Trawl,67B,2025,13,10,1,720,*,,
Scallop Trawl,67B,2025,13,Total,3,9000,16882,,
